gene name,1
ENST00000455537.2,ENSG00000155980.6
ENST00000381072.1,ENSG00000067057.11
ENST00000314888.9,ENSG00000137076.12
ENST00000375793.2,ENSG00000116786.7
ENST00000338779.6,ENSG00000132613.10
ENST00000263431.3,ENSG00000126583.6
ENST00000371753.1,ENSG00000148411.3
ENST00000332499.2,ENSG00000186834.2
ENST00000433425.2,ENSG00000196972.6
ENST00000402194.2,ENSG00000196235.8
ENST00000371941.3,ENSG00000124126.9
ENST00000396045.3,ENSG00000155849.11
ENST00000346365.4,ENSG00000164978.12
ENST00000239007.7,ENSG00000119950.15
ENST00000391952.3,ENSG00000104859.10
ENST00000333651.6,ENSG00000064961.14
ENST00000371464.3,ENSG00000138207.7
ENST00000227214.6,ENSG00000021300.7
ENST00000397853.3,ENSG00000165795.14
ENST00000005284.3,ENSG00000006116.3
ENST00000373279.4,ENSG00000171224.7
ENST00000294868.4,ENSG00000157064.6
ENST00000436108.2,ENSG00000177830.13
ENST00000340888.3,ENSG00000130822.10
ENST00000274710.3,ENSG00000146005.3
ENST00000216951.2,ENSG00000100983.5
ENST00000341322.4,ENSG00000185658.9
ENST00000281243.5,ENSG00000151552.7
ENST00000530617.1,ENSG00000149269.5
ENST00000361906.3,ENSG00000198792.7
ENST00000233535.4,ENSG00000115194.6
ENST00000278947.5,ENSG00000149575.5
ENST00000340006.2,ENSG00000159176.9
ENST00000264051.3,ENSG00000066248.10
ENST00000375799.3,ENSG00000116786.7
ENST00000358797.4,ENSG00000112664.4
ENST00000367467.3,ENSG00000111961.12
ENST00000457543.3,ENSG00000236609.3
ENST00000399813.1,ENSG00000182902.8
ENST00000302424.5,ENSG00000171206.7
ENST00000333063.5,ENSG00000184221.8
ENST00000420983.2,ENSG00000089169.9
ENST00000368089.3,ENSG00000177807.5
ENST00000307677.4,ENSG00000171552.8
ENST00000289104.4,ENSG00000158186.8
ENST00000320389.7,ENSG00000130294.10
ENST00000300022.3,ENSG00000166793.6
ENST00000264828.3,ENSG00000080573.6
ENST00000442253.2,ENSG00000170915.8
ENST00000379449.5,ENSG00000198363.10
ENST00000301457.1,ENSG00000167774.1
ENST00000588081.1,ENSG00000266964.1
ENST00000300571.2,ENSG00000167191.7
ENST00000270221.5,ENSG00000142227.5
ENST00000435030.1,ENSG00000168280.12
ENST00000393537.4,ENSG00000213337.4
ENST00000368402.5,ENSG00000111907.16
ENST00000278833.3,ENSG00000149489.4
ENST00000380715.1,ENSG00000164985.9
ENST00000330675.7,ENSG00000133069.10
ENST00000372262.3,ENSG00000149654.5
ENST00000341272.2,ENSG00000148180.10
ENST00000551109.1,ENSG00000161642.13
ENST00000375486.4,ENSG00000117115.8
ENST00000370963.4,ENSG00000170899.6
ENST00000355653.3,ENSG00000108828.11
ENST00000262811.4,ENSG00000099308.4
ENST00000361427.5,ENSG00000198830.6
ENST00000407025.1,ENSG00000115685.10
ENST00000288670.9,ENSG00000157827.15
ENST00000338663.7,ENSG00000168003.12
ENST00000372677.3,ENSG00000133134.7
ENST00000355527.3,ENSG00000172893.10
ENST00000367075.3,ENSG00000092820.13
ENST00000272117.3,ENSG00000143772.5
ENST00000356994.2,ENSG00000180900.12
ENST00000367103.3,ENSG00000162889.6
ENST00000295006.5,ENSG00000162909.13
ENST00000396593.2,ENSG00000153048.6
ENST00000443527.2,ENSG00000121671.7
ENST00000216068.4,ENSG00000100246.7
ENST00000252699.2,ENSG00000130402.7
ENST00000309007.5,ENSG00000113758.9
ENST00000548013.1,ENSG00000257727.1
ENST00000294117.5,ENSG00000162188.5
ENST00000397274.2,ENSG00000099331.8
ENST00000523562.1,ENSG00000102878.10
ENST00000278927.5,ENSG00000149564.7
ENST00000373703.4,ENSG00000162517.8
ENST00000256997.3,ENSG00000134575.5
ENST00000477892.1,ENSG00000114023.11
ENST00000356341.3,ENSG00000149269.5
ENST00000238609.3,ENSG00000119632.3
ENST00000409753.3,ENSG00000189159.10
ENST00000261799.4,ENSG00000113721.8
ENST00000221801.2,ENSG00000105202.2
ENST00000370179.3,ENSG00000125534.4
ENST00000527446.1,ENSG00000149273.8
ENST00000392351.2,ENSG00000051128.13
ENST00000428277.2,ENSG00000021645.13
ENST00000397858.1,ENSG00000165795.14
ENST00000357394.4,ENSG00000125991.13
ENST00000378585.4,ENSG00000187730.6
ENST00000548410.1,ENSG00000257499.1
ENST00000315491.7,ENSG00000258947.2
ENST00000299421.4,ENSG00000166333.9
ENST00000396448.2,ENSG00000109180.10
ENST00000256001.8,ENSG00000133627.12
ENST00000533498.1,ENSG00000172809.8
ENST00000275364.3,ENSG00000146535.8
ENST00000360997.2,ENSG00000168309.12
ENST00000221459.2,ENSG00000104863.5
ENST00000528586.1,ENSG00000172375.8
ENST00000326181.6,ENSG00000131653.8
ENST00000294889.5,ENSG00000162817.6
ENST00000216121.7,ENSG00000184117.7
ENST00000485535.1,ENSG00000164050.8
ENST00000222305.2,ENSG00000105698.9
ENST00000350811.3,ENSG00000058404.15
ENST00000422318.2,ENSG00000168268.6
ENST00000296233.3,ENSG00000163884.3
ENST00000253083.4,ENSG00000130787.9
ENST00000574593.1,ENSG00000167978.11
ENST00000355857.3,ENSG00000155368.12
ENST00000314392.8,ENSG00000136908.13
ENST00000373467.3,ENSG00000121905.5
ENST00000543561.1,ENSG00000172824.10
ENST00000219479.2,ENSG00000103202.7
ENST00000396884.2,ENSG00000100146.12
ENST00000252818.3,ENSG00000130522.3
ENST00000305958.4,ENSG00000088826.12
ENST00000306960.3,ENSG00000168539.3
ENST00000268171.3,ENSG00000140564.6
ENST00000259229.2,ENSG00000136710.5
ENST00000460804.1,ENSG00000189410.7
ENST00000298556.7,ENSG00000165704.10
ENST00000358758.7,ENSG00000167371.12
ENST00000415912.2,ENSG00000117298.10
ENST00000223398.6,ENSG00000106665.11
ENST00000565655.1,ENSG00000103512.10
ENST00000340957.5,ENSG00000175182.9
ENST00000454243.2,ENSG00000168490.9
ENST00000361322.2,ENSG00000008118.5
ENST00000357037.5,ENSG00000177469.12
ENST00000330938.3,ENSG00000183255.7
ENST00000303177.3,ENSG00000170091.6
ENST00000357103.4,ENSG00000006831.9
ENST00000216797.5,ENSG00000100906.6
ENST00000327451.5,ENSG00000182902.8
ENST00000261692.2,ENSG00000111328.2
ENST00000264059.3,ENSG00000115468.7
ENST00000302418.4,ENSG00000170759.10
ENST00000574322.1,ENSG00000175826.7
ENST00000308418.4,ENSG00000172922.4
ENST00000380943.2,ENSG00000112851.10
ENST00000378474.3,ENSG00000165175.11
ENST00000392474.2,ENSG00000110931.13
ENST00000322048.7,ENSG00000067836.8
ENST00000377086.1,ENSG00000054523.12
ENST00000431231.2,ENSG00000225485.3
ENST00000544325.1,ENSG00000111676.9
ENST00000331872.6,ENSG00000135821.11
ENST00000372728.3,ENSG00000133169.5
ENST00000354287.4,ENSG00000116661.9
ENST00000413748.2,ENSG00000166922.4
ENST00000262817.3,ENSG00000105696.3
ENST00000538426.1,ENSG00000167770.7
ENST00000358295.5,ENSG00000219438.4
ENST00000383729.4,ENSG00000178467.12
ENST00000316843.4,ENSG00000131899.6
ENST00000482507.1,ENSG00000168397.12
ENST00000525655.1,ENSG00000121753.8
ENST00000586480.1,ENSG00000105376.4
ENST00000216602.6,ENSG00000100711.8
ENST00000538466.1,ENSG00000010810.11
ENST00000382125.4,ENSG00000032389.8
ENST00000247207.6,ENSG00000126803.8
ENST00000378536.4,ENSG00000157933.9
ENST00000404338.2,ENSG00000160007.12
ENST00000358435.4,ENSG00000196683.6
ENST00000257905.8,ENSG00000135447.11
ENST00000536361.1,ENSG00000116120.8
ENST00000442593.2,ENSG00000111652.4
ENST00000372748.3,ENSG00000049089.9
ENST00000360864.4,ENSG00000101152.6
ENST00000315588.4,ENSG00000063322.7
ENST00000375571.5,ENSG00000101367.8
ENST00000264833.4,ENSG00000105088.4
ENST00000545521.1,ENSG00000103495.9
ENST00000375151.4,ENSG00000158526.7
ENST00000361360.2,ENSG00000198914.2
ENST00000270459.3,ENSG00000142409.4
ENST00000368719.3,ENSG00000197956.4
ENST00000372680.1,ENSG00000204065.2
ENST00000342560.5,ENSG00000124194.11
ENST00000222374.1,ENSG00000105767.1
ENST00000360066.2,ENSG00000117266.11
ENST00000302763.7,ENSG00000044115.15
ENST00000412681.1,ENSG00000154146.6
ENST00000269298.5,ENSG00000141504.7
ENST00000318008.6,ENSG00000002834.13
ENST00000589699.1,ENSG00000166974.7
ENST00000397778.2,ENSG00000122490.13
ENST00000535717.1,ENSG00000111642.9
ENST00000374524.1,ENSG00000057757.5
ENST00000455156.2,ENSG00000078369.10
ENST00000399133.2,ENSG00000184436.7
ENST00000592957.1,ENSG00000141759.10
ENST00000373018.3,ENSG00000137218.6
ENST00000470541.1,ENSG00000116584.11
ENST00000562648.1,ENSG00000127585.7
ENST00000481999.1,ENSG00000170004.12
ENST00000480562.3,ENSG00000161204.7
ENST00000549098.1,ENSG00000089157.11
ENST00000400198.3,ENSG00000134884.9
ENST00000256463.6,ENSG00000254999.2
ENST00000524896.1,ENSG00000149100.8
ENST00000587274.1,ENSG00000105290.5
ENST00000536099.1,ENSG00000227097.4
ENST00000232744.8,ENSG00000114626.13
ENST00000308774.2,ENSG00000173113.2
ENST00000535662.1,ENSG00000163374.15
ENST00000451813.1,ENSG00000100991.6
ENST00000368632.2,ENSG00000196591.7
ENST00000257963.4,ENSG00000135503.7
ENST00000351217.6,ENSG00000156642.12
ENST00000372339.3,ENSG00000117408.5
ENST00000301740.8,ENSG00000167978.11
ENST00000366746.3,ENSG00000162910.14
ENST00000316804.5,ENSG00000177885.9
ENST00000361162.6,ENSG00000131051.15
ENST00000464225.1,ENSG00000100288.15
ENST00000243077.3,ENSG00000123384.9
ENST00000321233.6,ENSG00000010244.11
ENST00000378344.2,ENSG00000158109.9
ENST00000566423.1,ENSG00000128989.5
ENST00000357214.5,ENSG00000116560.6
ENST00000382671.4,ENSG00000185627.13
ENST00000418625.1,ENSG00000168090.5
ENST00000494142.1,ENSG00000125505.10
ENST00000548925.1,ENSG00000135441.3
ENST00000591007.1,ENSG00000105705.9
ENST00000215061.3,ENSG00000099330.3
ENST00000313071.4,ENSG00000176165.7
ENST00000357325.5,ENSG00000143321.14
ENST00000474738.1,ENSG00000136247.10
ENST00000564811.1,ENSG00000178741.7
ENST00000374023.3,ENSG00000196821.5
ENST00000368211.4,ENSG00000143314.8
ENST00000301732.5,ENSG00000167972.8
ENST00000335972.6,ENSG00000130985.12
ENST00000297620.4,ENSG00000164970.10
ENST00000461111.1,ENSG00000188157.9
ENST00000456089.1,ENSG00000213689.5
ENST00000376729.5,ENSG00000101940.11
ENST00000473330.1,ENSG00000075618.12
ENST00000517701.1,ENSG00000141698.10
ENST00000221138.4,ENSG00000104695.7
ENST00000467315.1,ENSG00000141959.12
ENST00000361204.4,ENSG00000198911.7
ENST00000368305.4,ENSG00000116586.7
ENST00000393725.2,ENSG00000122203.10
ENST00000279281.3,ENSG00000149823.3
ENST00000393695.3,ENSG00000137497.13
ENST00000221419.4,ENSG00000104824.9
ENST00000371733.3,ENSG00000085832.12
ENST00000348911.6,ENSG00000100241.15
ENST00000545045.1,ENSG00000111674.2
ENST00000581767.1,ENSG00000198231.7
ENST00000378609.3,ENSG00000078369.10
ENST00000246533.3,ENSG00000126247.5
ENST00000349769.3,ENSG00000071894.9
ENST00000492057.1,ENSG00000148334.9
ENST00000354192.3,ENSG00000142192.14
ENST00000368797.4,ENSG00000188690.7
ENST00000380281.1,ENSG00000110844.8
ENST00000379440.4,ENSG00000171867.12
ENST00000221561.8,ENSG00000104964.10
ENST00000446856.1,ENSG00000087274.12
ENST00000355957.5,ENSG00000124222.15
ENST00000541217.1,ENSG00000255990.1
ENST00000243189.7,ENSG00000117616.13
ENST00000409068.1,ENSG00000115977.13
ENST00000530981.1,ENSG00000087365.9
ENST00000379589.3,ENSG00000183722.7
ENST00000252015.2,ENSG00000100991.6
ENST00000451949.2,ENSG00000113648.12
ENST00000562017.1,ENSG00000125148.6
ENST00000471189.1,ENSG00000010256.6
ENST00000417088.1,ENSG00000233927.2
ENST00000468611.1,ENSG00000106263.13
ENST00000534854.2,ENSG00000015153.10
ENST00000358024.3,ENSG00000133069.10
ENST00000555004.1,ENSG00000227051.4
ENST00000510297.1,ENSG00000145526.6
ENST00000361216.3,ENSG00000018625.10
ENST00000412431.2,ENSG00000230551.3
ENST00000372209.3,ENSG00000142937.7
ENST00000469415.1,ENSG00000126217.16
ENST00000492367.1,ENSG00000104805.10
ENST00000423516.1,ENSG00000163931.11
ENST00000265260.3,ENSG00000081154.7
ENST00000322147.4,ENSG00000168056.10
ENST00000382952.3,ENSG00000159692.11
ENST00000215904.6,ENSG00000241360.1
ENST00000340990.5,ENSG00000159346.8
ENST00000344836.4,ENSG00000187555.10
ENST00000435064.1,ENSG00000127054.13
ENST00000262795.3,ENSG00000251322.3
ENST00000263674.3,ENSG00000110237.3
ENST00000579898.1,ENSG00000177728.10
ENST00000456247.2,ENSG00000149091.10
ENST00000495388.2,ENSG00000169862.14
ENST00000345716.4,ENSG00000010322.11
ENST00000302392.4,ENSG00000169964.5
ENST00000401730.1,ENSG00000104852.9
ENST00000246071.6,ENSG00000125870.6
ENST00000318059.3,ENSG00000217930.3
ENST00000551632.1,ENSG00000178498.11
ENST00000262803.4,ENSG00000005007.7
ENST00000534336.1,ENSG00000251562.3
ENST00000263798.3,ENSG00000092445.7
ENST00000341298.3,ENSG00000179085.7
ENST00000297156.2,ENSG00000164615.3
ENST00000361227.2,ENSG00000198840.2
ENST00000396425.3,ENSG00000100167.15
ENST00000463056.1,ENSG00000122515.10
ENST00000514089.1,ENSG00000159210.4
ENST00000547619.1,ENSG00000139910.15
ENST00000493973.1,ENSG00000127948.9
ENST00000251473.5,ENSG00000105520.6
ENST00000447146.2,ENSG00000102103.11
ENST00000328459.6,ENSG00000165914.10
ENST00000203630.5,ENSG00000089693.6
ENST00000581858.1,ENSG00000177731.10
ENST00000468319.1,ENSG00000204052.3
ENST00000569980.1,ENSG00000088682.9
ENST00000485862.1,ENSG00000148337.13
ENST00000529440.1,ENSG00000129158.5
ENST00000399138.4,ENSG00000091542.8
ENST00000226798.4,ENSG00000109536.6
ENST00000406548.1,ENSG00000182944.13
ENST00000245552.2,ENSG00000125458.2
ENST00000517675.1,ENSG00000253230.1
ENST00000393028.1,ENSG00000123159.10
ENST00000412097.1,ENSG00000174748.13
ENST00000528545.1,ENSG00000142186.11
ENST00000396435.3,ENSG00000124313.8
ENST00000312547.1,ENSG00000130724.3
ENST00000291565.4,ENSG00000160209.12
ENST00000290649.5,ENSG00000159461.10
ENST00000546463.1,ENSG00000197111.9
ENST00000252102.4,ENSG00000131495.4
ENST00000533606.1,ENSG00000174672.11
ENST00000368074.1,ENSG00000132716.12
ENST00000370690.3,ENSG00000022267.12
ENST00000397783.1,ENSG00000007392.12
ENST00000439924.2,ENSG00000182149.14
ENST00000562610.1,ENSG00000140365.11
ENST00000454045.1,ENSG00000180229.8
ENST00000401609.1,ENSG00000100316.11
ENST00000409116.1,ENSG00000124380.6
ENST00000309502.3,ENSG00000163485.11
ENST00000265375.9,ENSG00000108100.12
ENST00000426855.2,ENSG00000141258.7
ENST00000263196.7,ENSG00000070413.13
ENST00000396689.2,ENSG00000072195.10
ENST00000299824.1,ENSG00000101445.4
ENST00000482739.2,ENSG00000168159.7
ENST00000540688.1,ENSG00000139180.5
ENST00000274811.4,ENSG00000146083.7
ENST00000515828.1,ENSG00000172932.10
ENST00000484123.1,ENSG00000144040.8
ENST00000574406.1,ENSG00000091592.10
ENST00000302538.5,ENSG00000159842.9
ENST00000380358.4,ENSG00000170004.12
ENST00000393893.1,ENSG00000172725.9
ENST00000420843.2,ENSG00000137486.12
ENST00000560464.1,ENSG00000140181.10
ENST00000544017.1,ENSG00000105197.4
ENST00000337737.3,ENSG00000178498.11
ENST00000400175.5,ENSG00000118680.8
ENST00000359285.5,ENSG00000178188.10
ENST00000287613.7,ENSG00000241553.5
ENST00000416202.1,ENSG00000241990.1
ENST00000377012.4,ENSG00000204681.5
ENST00000356404.3,ENSG00000110697.8
ENST00000531709.1,ENSG00000162231.7
ENST00000524496.1,ENSG00000166441.8
ENST00000462256.1,ENSG00000198563.8
ENST00000570237.1,ENSG00000103254.5
ENST00000156109.5,ENSG00000068394.9
ENST00000330965.3,ENSG00000238103.2
ENST00000295955.9,ENSG00000163682.11
ENST00000567599.1,ENSG00000261452.1
ENST00000412779.2,ENSG00000129538.9
ENST00000381192.3,ENSG00000002586.12
ENST00000503414.1,ENSG00000152583.8
ENST00000432365.2,ENSG00000065054.8
ENST00000332556.4,ENSG00000185896.9
ENST00000529460.1,ENSG00000167283.3
ENST00000292510.4,ENSG00000160948.8
ENST00000220584.4,ENSG00000079459.7
ENST00000304613.3,ENSG00000171798.12
ENST00000368258.3,ENSG00000163468.8
ENST00000539422.1,ENSG00000183248.5
ENST00000343114.3,ENSG00000066032.13
ENST00000588808.1,ENSG00000105290.5
ENST00000259727.4,ENSG00000137198.5
ENST00000449383.2,ENSG00000230903.3
ENST00000430544.2,ENSG00000237550.3
ENST00000290079.8,ENSG00000244187.2
ENST00000316878.6,ENSG00000108819.9
ENST00000264998.3,ENSG00000091513.10
ENST00000429829.1,ENSG00000229807.3
ENST00000475377.2,ENSG00000157827.15
ENST00000592204.1,ENSG00000132026.9
ENST00000444597.1,ENSG00000100201.14
ENST00000395842.2,ENSG00000073150.9
ENST00000378888.5,ENSG00000107404.13
ENST00000376894.4,ENSG00000204655.7
ENST00000263377.1,ENSG00000141867.11
ENST00000262304.4,ENSG00000008710.12
ENST00000309988.4,ENSG00000172005.6
ENST00000370602.1,ENSG00000155265.5
ENST00000361961.3,ENSG00000139116.13
ENST00000285206.8,ENSG00000167100.10
ENST00000391767.1,ENSG00000105605.3
ENST00000352301.4,ENSG00000138668.14
ENST00000378665.1,ENSG00000164405.6
ENST00000318934.4,ENSG00000089847.7
ENST00000375299.3,ENSG00000169062.9
ENST00000447750.2,ENSG00000203879.7
ENST00000322764.5,ENSG00000159840.11
ENST00000258105.7,ENSG00000204822.6
ENST00000361785.6,ENSG00000082996.14
ENST00000291775.3,ENSG00000160360.7
ENST00000376916.2,ENSG00000204653.4
ENST00000393892.2,ENSG00000173786.11
ENST00000346329.3,ENSG00000085733.11
ENST00000343484.5,ENSG00000171703.12
ENST00000402696.3,ENSG00000091513.10
ENST00000250498.4,ENSG00000129562.5
ENST00000393957.2,ENSG00000159713.6
ENST00000395633.1,ENSG00000099624.3
ENST00000268668.6,ENSG00000140990.10
ENST00000314471.5,ENSG00000179134.9
ENST00000355173.2,ENSG00000183092.11
ENST00000330634.7,ENSG00000203485.7
ENST00000294189.5,ENSG00000162244.5
ENST00000269346.4,ENSG00000141540.6
ENST00000424358.1,ENSG00000126005.10
ENST00000434585.1,ENSG00000090565.11
ENST00000383754.3,ENSG00000168314.12
ENST00000476216.1,ENSG00000130414.7
ENST00000455836.1,ENSG00000089248.6
ENST00000588932.1,ENSG00000132024.13
ENST00000536834.1,ENSG00000150991.9
ENST00000338761.4,ENSG00000189077.6
ENST00000538833.2,ENSG00000169718.13
ENST00000376917.3,ENSG00000204655.7
ENST00000375915.1,ENSG00000204442.1
ENST00000395384.4,ENSG00000103485.12
ENST00000524376.1,ENSG00000255248.2
ENST00000392213.2,ENSG00000105695.9
ENST00000470164.1,ENSG00000213995.6
ENST00000372458.3,ENSG00000066322.7
ENST00000361621.2,ENSG00000123560.9
ENST00000372710.3,ENSG00000244274.3
ENST00000310157.1,ENSG00000167755.8
ENST00000560366.1,ENSG00000120885.14
ENST00000261507.6,ENSG00000052802.8
ENST00000392910.2,ENSG00000159840.11
ENST00000250113.7,ENSG00000129245.7
ENST00000328568.4,ENSG00000135439.6
ENST00000302165.3,ENSG00000170604.3
ENST00000249014.4,ENSG00000128283.6
ENST00000469091.1,ENSG00000001497.12
ENST00000530028.2,ENSG00000255302.2
ENST00000575858.1,ENSG00000170310.7
ENST00000368010.3,ENSG00000143256.4
ENST00000300784.7,ENSG00000167363.9
ENST00000472413.1,ENSG00000183426.11
ENST00000355346.4,ENSG00000119185.8
ENST00000511455.2,ENSG00000172932.10
ENST00000394859.3,ENSG00000198720.8
ENST00000334681.5,ENSG00000187094.7
ENST00000423160.2,ENSG00000177098.4
ENST00000550550.1,ENSG00000196465.5
ENST00000509564.1,ENSG00000073578.11
ENST00000561504.1,ENSG00000151303.10
ENST00000225504.3,ENSG00000213246.2
ENST00000265678.4,ENSG00000071242.7
ENST00000371964.4,ENSG00000148291.5
ENST00000328965.3,ENSG00000184232.3
ENST00000390015.3,ENSG00000171298.8
ENST00000352456.2,ENSG00000105323.11
ENST00000417718.2,ENSG00000100362.8
ENST00000562348.1,ENSG00000167191.7
ENST00000326080.5,ENSG00000170271.6
ENST00000284262.2,ENSG00000154118.8
ENST00000334370.4,ENSG00000105429.7
ENST00000329251.4,ENSG00000254772.5
ENST00000507439.1,ENSG00000151552.7
ENST00000473125.1,ENSG00000175265.13
ENST00000409773.1,ENSG00000077380.11
ENST00000307845.3,ENSG00000115756.8
ENST00000222125.4,ENSG00000105519.7
ENST00000361795.3,ENSG00000101489.12
ENST00000524782.1,ENSG00000149182.9
ENST00000219207.5,ENSG00000102934.5
ENST00000488337.1,ENSG00000160584.11
ENST00000398121.4,ENSG00000185596.11
ENST00000361539.4,ENSG00000198797.6
ENST00000256720.2,ENSG00000134324.7
ENST00000590979.1,ENSG00000267548.1
ENST00000495695.1,ENSG00000130702.9
ENST00000433297.2,ENSG00000112972.10
ENST00000523292.1,ENSG00000151914.13
ENST00000219169.4,ENSG00000102898.5
ENST00000333119.3,ENSG00000126756.7
ENST00000373615.4,ENSG00000106689.6
ENST00000248089.3,ENSG00000103145.5
ENST00000397967.4,ENSG00000129538.9
ENST00000395574.3,ENSG00000149091.10
ENST00000399506.1,ENSG00000132535.13
ENST00000244458.2,ENSG00000124507.5
ENST00000422725.1,ENSG00000228594.1
ENST00000566724.1,ENSG00000167964.7
ENST00000464228.1,ENSG00000119185.8
ENST00000397856.3,ENSG00000165795.14
ENST00000378853.3,ENSG00000175756.9
ENST00000253794.2,ENSG00000131475.2
ENST00000318631.3,ENSG00000180834.3
ENST00000295225.5,ENSG00000115041.8
ENST00000369446.2,ENSG00000197932.3
ENST00000463154.1,ENSG00000173418.7
ENST00000397261.2,ENSG00000241553.5
ENST00000397770.3,ENSG00000076344.11
ENST00000003912.3,ENSG00000001461.11
ENST00000219281.3,ENSG00000103005.6
ENST00000290349.6,ENSG00000159228.8
ENST00000583458.1,ENSG00000167281.13
ENST00000308768.5,ENSG00000174943.5
ENST00000366835.3,ENSG00000196187.7
ENST00000372642.4,ENSG00000167136.6
ENST00000324096.3,ENSG00000130479.5
ENST00000419600.2,ENSG00000156298.8
ENST00000318240.3,ENSG00000177576.6
ENST00000397156.3,ENSG00000101363.8
ENST00000393693.2,ENSG00000074317.6
ENST00000367569.2,ENSG00000169976.5
ENST00000542074.1,ENSG00000167985.2
ENST00000262061.2,ENSG00000111481.5
ENST00000259241.6,ENSG00000136720.6
ENST00000480418.1,ENSG00000067840.7
ENST00000361005.5,ENSG00000010438.11
ENST00000393891.4,ENSG00000196531.6
ENST00000397666.2,ENSG00000130731.11
ENST00000393040.3,ENSG00000136717.10
ENST00000328848.4,ENSG00000182117.4
ENST00000301332.2,ENSG00000167702.6
ENST00000360981.4,ENSG00000244274.3
ENST00000495396.1,ENSG00000163531.11
ENST00000524958.1,ENSG00000162194.8
ENST00000252542.4,ENSG00000130254.7
ENST00000372813.3,ENSG00000025772.7
ENST00000522468.1,ENSG00000147421.12
ENST00000415831.1,ENSG00000167281.13
ENST00000343516.6,ENSG00000167971.13
ENST00000590561.1,ENSG00000105290.5
ENST00000315567.8,ENSG00000169288.13
ENST00000529142.1,ENSG00000143393.12
ENST00000556840.1,ENSG00000172590.13
ENST00000262306.7,ENSG00000103363.10
ENST00000257245.4,ENSG00000134809.4
ENST00000529698.1,ENSG00000149091.10
ENST00000297532.6,ENSG00000164896.14
ENST00000397087.3,ENSG00000091428.12
ENST00000570914.1,ENSG00000141504.7
ENST00000447388.3,ENSG00000066136.14
ENST00000356834.3,ENSG00000197226.8
ENST00000260867.4,ENSG00000138297.9
ENST00000522299.1,ENSG00000120885.14
ENST00000572954.1,ENSG00000103363.10
ENST00000344843.7,ENSG00000242485.1
ENST00000424542.2,ENSG00000065054.8
ENST00000452857.1,ENSG00000062598.12
ENST00000319334.8,ENSG00000169246.11
ENST00000309328.3,ENSG00000173465.3
ENST00000378339.2,ENSG00000132563.11
ENST00000264932.6,ENSG00000073578.11
ENST00000393919.4,ENSG00000102977.8
ENST00000331666.6,ENSG00000184110.10
ENST00000246672.3,ENSG00000126368.5
ENST00000263774.4,ENSG00000213619.4
ENST00000244137.6,ENSG00000124299.8
ENST00000572723.1,ENSG00000174231.12
ENST00000371384.3,ENSG00000124098.9
ENST00000392038.2,ENSG00000105221.10
ENST00000395366.2,ENSG00000213639.5
ENST00000541436.1,ENSG00000120437.7
ENST00000517603.1,ENSG00000156467.5
ENST00000310144.6,ENSG00000087191.8
ENST00000378750.5,ENSG00000121680.11
ENST00000539299.1,ENSG00000212694.4
ENST00000405883.3,ENSG00000115694.10
ENST00000527141.1,ENSG00000174080.6
ENST00000341745.3,ENSG00000188933.7
ENST00000409906.4,ENSG00000103363.10
ENST00000447614.2,ENSG00000105393.10
ENST00000216264.8,ENSG00000100422.9
ENST00000331738.6,ENSG00000111011.11
ENST00000456958.2,ENSG00000229833.2
ENST00000310624.6,ENSG00000100285.9
ENST00000551665.1,ENSG00000135486.11
ENST00000294244.4,ENSG00000168005.4
ENST00000269373.6,ENSG00000141560.9
ENST00000337894.4,ENSG00000163485.11
ENST00000292644.3,ENSG00000161057.6
ENST00000398153.1,ENSG00000111906.12
ENST00000446987.1,ENSG00000136271.6
ENST00000378670.3,ENSG00000164405.6
ENST00000310123.3,ENSG00000153902.9
ENST00000367595.3,ENSG00000135847.4
ENST00000259037.3,ENSG00000136521.8
ENST00000532972.1,ENSG00000118363.7
ENST00000324262.4,ENSG00000133313.10
ENST00000380591.3,ENSG00000145741.10
ENST00000467780.1,ENSG00000204314.6
ENST00000345046.6,ENSG00000185825.10
ENST00000402752.1,ENSG00000099901.12
ENST00000276689.3,ENSG00000147684.3
ENST00000375104.2,ENSG00000204310.6
ENST00000579978.1,ENSG00000141552.13
ENST00000296529.6,ENSG00000164124.6
ENST00000381769.2,ENSG00000004660.10
ENST00000330871.2,ENSG00000184557.3
ENST00000265758.2,ENSG00000071462.7
ENST00000565143.1,ENSG00000067225.12
ENST00000393033.4,ENSG00000123159.10
ENST00000539854.1,ENSG00000173113.2
ENST00000222402.2,ENSG00000078967.6
ENST00000301587.4,ENSG00000167863.7
ENST00000351500.3,ENSG00000123349.8
ENST00000248342.4,ENSG00000178982.5
ENST00000330836.5,ENSG00000089737.11
ENST00000344087.4,ENSG00000214967.4
ENST00000267615.5,ENSG00000100605.11
ENST00000338631.6,ENSG00000100813.9
ENST00000357480.5,ENSG00000082641.11
ENST00000378427.1,ENSG00000157870.9
ENST00000451102.2,ENSG00000166548.11
ENST00000248673.3,ENSG00000128016.3
ENST00000318006.5,ENSG00000166887.11
ENST00000396859.1,ENSG00000111640.9
ENST00000482485.1,ENSG00000102030.11
ENST00000309324.4,ENSG00000174917.4
ENST00000326195.8,ENSG00000204574.7
ENST00000270517.6,ENSG00000130159.8
ENST00000395839.1,ENSG00000170315.8
ENST00000007516.3,ENSG00000004779.5
ENST00000467371.1,ENSG00000115306.10
ENST00000336180.2,ENSG00000106683.8
ENST00000393366.2,ENSG00000159199.8
ENST00000424076.3,ENSG00000214548.8
ENST00000380728.2,ENSG00000132522.10
ENST00000441793.1,ENSG00000204463.7
ENST00000326019.6,ENSG00000163798.9
ENST00000369496.4,ENSG00000163399.11
ENST00000424691.1,ENSG00000186162.6
ENST00000371974.3,ENSG00000148290.5
ENST00000225698.4,ENSG00000108561.4
ENST00000568490.1,ENSG00000092445.7
ENST00000261405.5,ENSG00000110799.9
ENST00000344537.5,ENSG00000047579.14
ENST00000373669.2,ENSG00000102309.8
ENST00000481073.1,ENSG00000082898.12
ENST00000322723.4,ENSG00000115053.11
ENST00000557342.1,ENSG00000119705.5
ENST00000378409.3,ENSG00000159884.7
ENST00000221859.4,ENSG00000105258.4
ENST00000496558.1,ENSG00000066032.13
ENST00000465645.1,ENSG00000130770.12
ENST00000398422.2,ENSG00000135624.10
ENST00000359530.2,ENSG00000047249.11
ENST00000353047.5,ENSG00000164733.15
ENST00000372491.2,ENSG00000188483.6
ENST00000486360.1,ENSG00000143847.10
ENST00000298307.5,ENSG00000165516.6
ENST00000472217.1,ENSG00000158773.10
ENST00000421952.2,ENSG00000181418.7
ENST00000394225.2,ENSG00000109390.7
ENST00000398460.3,ENSG00000214548.8
ENST00000367889.3,ENSG00000143198.7
ENST00000371652.4,ENSG00000240849.6
ENST00000550665.1,ENSG00000169203.11
ENST00000472651.1,ENSG00000141367.6
ENST00000305798.3,ENSG00000168785.3
ENST00000591292.1,ENSG00000067836.8
ENST00000372407.4,ENSG00000142949.12
ENST00000366957.5,ENSG00000143499.9
ENST00000329559.3,ENSG00000183648.3
ENST00000397276.2,ENSG00000100836.6
ENST00000233627.9,ENSG00000115286.14
ENST00000329908.8,ENSG00000182149.14
ENST00000513345.1,ENSG00000169567.7
ENST00000377860.4,ENSG00000097021.14
ENST00000526768.1,ENSG00000174672.11
ENST00000309579.3,ENSG00000173915.8
ENST00000263645.4,ENSG00000110651.6
ENST00000496387.1,ENSG00000173660.7
ENST00000328379.4,ENSG00000184924.4
ENST00000245816.3,ENSG00000125656.3
ENST00000267750.4,ENSG00000128463.7
ENST00000325223.7,ENSG00000160226.11
ENST00000322099.7,ENSG00000090097.15
ENST00000369836.4,ENSG00000168765.10
ENST00000550920.1,ENSG00000196531.6
ENST00000380986.4,ENSG00000119782.9
ENST00000306256.8,ENSG00000157916.13
ENST00000336458.8,ENSG00000132507.13
ENST00000533927.1,ENSG00000171163.11
ENST00000392594.3,ENSG00000151500.9
ENST00000392541.3,ENSG00000154518.5
ENST00000544450.2,ENSG00000196405.8
ENST00000203407.5,ENSG00000010256.6
ENST00000229238.3,ENSG00000111639.3
ENST00000398752.6,ENSG00000152234.9
ENST00000348259.5,ENSG00000162910.14
ENST00000313115.6,ENSG00000177556.7
ENST00000310776.4,ENSG00000175110.7
ENST00000392935.3,ENSG00000078668.8
ENST00000437366.2,ENSG00000104722.8
ENST00000318364.8,ENSG00000055950.12
ENST00000371222.2,ENSG00000177606.5
ENST00000562284.1,ENSG00000260918.1
ENST00000310827.4,ENSG00000136485.9
ENST00000357266.3,ENSG00000096060.9
ENST00000252934.5,ENSG00000130638.11
ENST00000263309.3,ENSG00000074201.3
ENST00000003607.3,ENSG00000004142.6
ENST00000450814.2,ENSG00000163931.11
ENST00000297785.3,ENSG00000165092.8
ENST00000409597.1,ENSG00000128656.9
ENST00000397298.3,ENSG00000214026.6
ENST00000357578.3,ENSG00000112294.8
ENST00000315082.4,ENSG00000140983.7
ENST00000396856.1,ENSG00000111640.9
ENST00000553528.1,ENSG00000166165.8
ENST00000393394.3,ENSG00000237550.3
ENST00000476503.1,ENSG00000171163.11
ENST00000320248.3,ENSG00000176595.3
ENST00000583114.1,ENSG00000108387.10
ENST00000296506.2,ENSG00000164106.2
ENST00000361439.4,ENSG00000169189.12
ENST00000480939.1,ENSG00000010282.10
ENST00000441594.1,ENSG00000010282.10
ENST00000293230.5,ENSG00000161544.5
ENST00000264771.4,ENSG00000127419.11
ENST00000541726.1,ENSG00000113811.6
ENST00000293190.5,ENSG00000161509.9
ENST00000321153.4,ENSG00000177600.4
ENST00000525451.1,ENSG00000172757.7
ENST00000256324.9,ENSG00000133943.14
ENST00000575208.1,ENSG00000183011.8
ENST00000470487.1,ENSG00000173905.4
ENST00000336308.5,ENSG00000131748.11
ENST00000269980.2,ENSG00000248098.3
ENST00000409248.4,ENSG00000243449.2
ENST00000304800.9,ENSG00000168701.14
ENST00000552234.1,ENSG00000111275.6
ENST00000436473.1,ENSG00000147403.12
ENST00000382936.3,ENSG00000168936.6
ENST00000321826.4,ENSG00000244165.1
ENST00000278379.3,ENSG00000110436.6
ENST00000350792.3,ENSG00000165795.14
ENST00000222673.5,ENSG00000105953.10
ENST00000262584.3,ENSG00000161016.10
ENST00000457167.3,ENSG00000168259.8
ENST00000224167.2,ENSG00000107317.7
ENST00000420560.1,ENSG00000022355.10
ENST00000227251.3,ENSG00000109846.3
ENST00000546244.1,ENSG00000187778.9
ENST00000567956.1,ENSG00000215252.6
ENST00000368696.3,ENSG00000160678.7
ENST00000396203.2,ENSG00000188846.9
ENST00000216520.6,ENSG00000100632.6
ENST00000378546.4,ENSG00000162585.11
ENST00000395319.3,ENSG00000109107.9
ENST00000524851.1,ENSG00000149273.8
ENST00000359139.3,ENSG00000100239.10
ENST00000254488.2,ENSG00000132164.5
ENST00000402744.4,ENSG00000109472.9
ENST00000357227.4,ENSG00000102225.11
ENST00000294179.3,ENSG00000162236.7
ENST00000351266.4,ENSG00000122756.10
ENST00000555366.1,ENSG00000166165.8
ENST00000300105.6,ENSG00000166862.6
ENST00000305454.3,ENSG00000169085.6
ENST00000587393.1,ENSG00000104964.10
ENST00000587426.1,ENSG00000235652.2
ENST00000274137.5,ENSG00000145494.7
ENST00000249786.4,ENSG00000140264.14
ENST00000395863.3,ENSG00000101144.8
ENST00000532273.1,ENSG00000149115.9
ENST00000252575.5,ENSG00000130287.7
ENST00000369842.4,ENSG00000102119.6
ENST00000306320.9,ENSG00000154153.9
ENST00000391975.1,ENSG00000115677.12
ENST00000324896.4,ENSG00000077809.8
ENST00000222266.2,ENSG00000205155.2
ENST00000225174.3,ENSG00000108179.8
ENST00000397709.1,ENSG00000101460.8
ENST00000455528.1,ENSG00000159140.13
ENST00000514960.1,ENSG00000145362.12
ENST00000271690.7,ENSG00000143420.12
ENST00000394272.3,ENSG00000184508.6
ENST00000375036.2,ENSG00000182534.9
ENST00000358704.4,ENSG00000179456.9
ENST00000292169.1,ENSG00000160678.7
ENST00000376960.4,ENSG00000107372.8
ENST00000331768.5,ENSG00000183576.8
ENST00000375142.1,ENSG00000077549.12
ENST00000350669.1,ENSG00000111716.8
ENST00000322090.3,ENSG00000146729.5
ENST00000476274.2,ENSG00000257524.1
ENST00000321751.5,ENSG00000175756.9
ENST00000329146.4,ENSG00000182809.6
ENST00000479093.1,ENSG00000138363.10
ENST00000467825.1,ENSG00000142541.11
ENST00000258975.6,ENSG00000136463.7
ENST00000373537.2,ENSG00000166619.7
ENST00000348225.2,ENSG00000105894.7
ENST00000316450.4,ENSG00000235655.2
ENST00000378021.1,ENSG00000116254.12
ENST00000360458.1,ENSG00000123562.11
ENST00000567270.1,ENSG00000178741.7
ENST00000372774.3,ENSG00000204071.5
ENST00000421699.2,ENSG00000167110.11
ENST00000398425.3,ENSG00000125814.13
ENST00000263545.6,ENSG00000146963.10
ENST00000460556.1,ENSG00000111640.9
ENST00000397865.5,ENSG00000197971.10
ENST00000293328.3,ENSG00000173757.4
ENST00000465606.1,ENSG00000183773.10
ENST00000587708.1,ENSG00000205155.2
ENST00000370873.4,ENSG00000101182.10
ENST00000393198.2,ENSG00000011052.16
ENST00000399161.2,ENSG00000186487.12
ENST00000552039.1,ENSG00000219200.5
ENST00000432695.1,ENSG00000197444.5
ENST00000564439.1,ENSG00000174444.10
ENST00000404674.3,ENSG00000157778.4
ENST00000373335.3,ENSG00000131174.4
ENST00000215754.7,ENSG00000240972.1
ENST00000309451.6,ENSG00000173272.9
ENST00000312865.5,ENSG00000104973.9
ENST00000398841.1,ENSG00000090238.7
ENST00000312175.2,ENSG00000175334.3
ENST00000374517.5,ENSG00000136810.8
ENST00000395961.3,ENSG00000064787.8
ENST00000321356.4,ENSG00000013441.11
ENST00000357067.3,ENSG00000129187.10
ENST00000350991.4,ENSG00000088833.11
ENST00000315436.3,ENSG00000176871.4
ENST00000377811.3,ENSG00000147123.10
ENST00000245857.5,ENSG00000125691.8
ENST00000497637.1,ENSG00000130402.7
ENST00000548249.1,ENSG00000175203.10
ENST00000272937.5,ENSG00000144485.6
ENST00000253003.2,ENSG00000130706.8
ENST00000377861.3,ENSG00000184226.10
ENST00000368868.5,ENSG00000143416.15
ENST00000329421.7,ENSG00000175130.6
ENST00000340913.6,ENSG00000135486.11
ENST00000396821.3,ENSG00000100201.14
ENST00000575071.1,ENSG00000183011.8
ENST00000423456.1,ENSG00000214548.8
ENST00000233331.7,ENSG00000115274.10
ENST00000325333.5,ENSG00000213015.4
ENST00000397124.1,ENSG00000167965.12
ENST00000263578.5,ENSG00000110074.6
ENST00000393183.3,ENSG00000011052.16
ENST00000464117.1,ENSG00000198892.6
ENST00000379982.3,ENSG00000164292.7
ENST00000251289.4,ENSG00000065268.4
ENST00000247970.4,ENSG00000127445.9
ENST00000566130.1,ENSG00000149925.12
ENST00000590060.1,ENSG00000099817.7
ENST00000336615.4,ENSG00000177666.11
ENST00000392533.3,ENSG00000135090.9
ENST00000262507.6,ENSG00000088682.9
ENST00000338784.4,ENSG00000161955.12
ENST00000304611.8,ENSG00000124587.9
ENST00000309134.5,ENSG00000175348.6
ENST00000377104.3,ENSG00000136158.6
ENST00000215574.3,ENSG00000099804.3
ENST00000347512.3,ENSG00000130255.8
ENST00000355938.5,ENSG00000159199.8
ENST00000584717.1,ENSG00000176155.12
ENST00000491739.1,ENSG00000178467.12
ENST00000374642.3,ENSG00000173372.12
ENST00000353334.6,ENSG00000019582.10
ENST00000378364.3,ENSG00000198931.6
ENST00000397413.1,ENSG00000168280.12
ENST00000242152.2,ENSG00000122585.3
ENST00000251993.7,ENSG00000100364.13
ENST00000520627.1,ENSG00000008988.5
ENST00000550482.1,ENSG00000135486.11
ENST00000586921.1,ENSG00000127616.11
ENST00000401743.2,ENSG00000170458.9
ENST00000564316.1,ENSG00000103266.5
ENST00000266027.5,ENSG00000114353.12
ENST00000394457.2,ENSG00000173209.17
ENST00000431742.2,ENSG00000176102.7
ENST00000296674.8,ENSG00000186468.8
ENST00000564628.1,ENSG00000103024.3
ENST00000564910.1,ENSG00000103769.5
ENST00000506237.1,ENSG00000113387.7
ENST00000221576.4,ENSG00000104979.4
ENST00000270792.5,ENSG00000142669.9
ENST00000399817.4,ENSG00000185201.11
ENST00000370986.4,ENSG00000116717.7
ENST00000331595.4,ENSG00000182492.10
ENST00000512805.1,ENSG00000204628.7
ENST00000379412.5,ENSG00000134333.8
ENST00000249209.4,ENSG00000128463.7
ENST00000314933.6,ENSG00000173369.11
ENST00000366988.3,ENSG00000117691.5
ENST00000343242.4,ENSG00000198517.5
ENST00000407032.1,ENSG00000104805.10
ENST00000366615.4,ENSG00000168275.10
ENST00000219150.5,ENSG00000102879.11
ENST00000435366.1,ENSG00000126005.10
ENST00000400701.3,ENSG00000178605.7
ENST00000399808.4,ENSG00000142089.10
ENST00000313432.5,ENSG00000174437.10
ENST00000233609.4,ENSG00000115268.4
ENST00000380201.2,ENSG00000198171.8
ENST00000374640.4,ENSG00000159189.7
ENST00000360612.4,ENSG00000198355.4
ENST00000525085.1,ENSG00000151366.8
ENST00000442966.2,ENSG00000241370.1
ENST00000359232.3,ENSG00000197119.7
ENST00000417328.2,ENSG00000170906.9
ENST00000569282.1,ENSG00000169627.7
ENST00000256925.7,ENSG00000134508.8
ENST00000357814.3,ENSG00000109065.7
ENST00000377795.3,ENSG00000019582.10
ENST00000217455.4,ENSG00000101473.12
ENST00000368656.2,ENSG00000203778.2
ENST00000413890.2,ENSG00000126777.13
ENST00000379789.4,ENSG00000170525.13
ENST00000496559.2,ENSG00000144749.9
ENST00000297258.6,ENSG00000164687.6
ENST00000538492.1,ENSG00000197562.5
ENST00000578809.1,ENSG00000072778.14
ENST00000358344.3,ENSG00000197451.6
ENST00000302692.5,ENSG00000171612.5
ENST00000376390.3,ENSG00000243279.1
ENST00000392568.2,ENSG00000183828.9
ENST00000481898.1,ENSG00000175061.10
ENST00000590954.1,ENSG00000091164.8
ENST00000419783.1,ENSG00000233276.2
ENST00000322310.5,ENSG00000176101.7
ENST00000261623.3,ENSG00000051523.6
ENST00000297151.4,ENSG00000164609.5
ENST00000368694.3,ENSG00000160679.8
ENST00000542321.2,ENSG00000182175.9
ENST00000252622.9,ENSG00000130332.9
ENST00000265846.5,ENSG00000105963.8
ENST00000368021.3,ENSG00000158773.10
ENST00000528157.1,ENSG00000145050.11
ENST00000572179.1,ENSG00000083457.7
ENST00000241124.6,ENSG00000121742.11
ENST00000578824.1,ENSG00000072778.14
ENST00000589745.1,ENSG00000105048.11
ENST00000007708.3,ENSG00000005882.6
ENST00000569758.1,ENSG00000140398.9
ENST00000483107.1,ENSG00000183773.10
ENST00000254901.5,ENSG00000132563.11
ENST00000343262.4,ENSG00000140988.10
ENST00000353598.6,ENSG00000181991.11
ENST00000269601.5,ENSG00000141759.10
ENST00000257430.4,ENSG00000134982.11
ENST00000489698.1,ENSG00000172428.5
ENST00000518072.1,ENSG00000047249.11
ENST00000253727.4,ENSG00000131408.8
ENST00000568588.1,ENSG00000174444.10
ENST00000541517.1,ENSG00000186815.8
ENST00000488128.2,ENSG00000084636.11
ENST00000300933.4,ENSG00000167460.10
ENST00000313408.7,ENSG00000115286.14
ENST00000337318.3,ENSG00000189319.9
ENST00000543273.1,ENSG00000239521.2
ENST00000563498.1,ENSG00000103024.3
ENST00000357235.4,ENSG00000197622.7
ENST00000238156.3,ENSG00000119242.4
ENST00000303004.3,ENSG00000172216.4
ENST00000299872.7,ENSG00000166681.9
ENST00000222304.2,ENSG00000105697.2
ENST00000490451.1,ENSG00000235034.2
ENST00000465923.1,ENSG00000158864.8
ENST00000571874.2,ENSG00000141552.13
ENST00000297533.4,ENSG00000164897.8
ENST00000338401.4,ENSG00000130731.11
ENST00000242059.5,ENSG00000136193.11
ENST00000215941.4,ENSG00000100124.7
ENST00000256593.3,ENSG00000134201.5
ENST00000561679.1,ENSG00000196123.8
ENST00000524688.1,ENSG00000178104.14
ENST00000375784.3,ENSG00000213719.4
ENST00000323482.4,ENSG00000154930.10
ENST00000313961.5,ENSG00000143248.7
ENST00000449085.2,ENSG00000204256.7
ENST00000554104.1,ENSG00000165795.14
ENST00000372047.3,ENSG00000160271.10
ENST00000456292.1,ENSG00000071082.5
ENST00000411738.1,ENSG00000230606.3
ENST00000360463.3,ENSG00000165795.14
ENST00000334047.7,ENSG00000117525.9
ENST00000375640.3,ENSG00000204387.8
ENST00000378088.1,ENSG00000070610.10
ENST00000244741.5,ENSG00000124762.7
ENST00000400490.2,ENSG00000158828.5
ENST00000581675.1,ENSG00000005379.11
ENST00000375712.3,ENSG00000101350.6
ENST00000445224.2,ENSG00000151967.14
ENST00000420846.2,ENSG00000135404.6
ENST00000294507.3,ENSG00000162511.7
ENST00000546392.1,ENSG00000196531.6
ENST00000361042.4,ENSG00000132970.8
ENST00000406655.1,ENSG00000104695.7
ENST00000367311.3,ENSG00000174307.5
ENST00000408965.3,ENSG00000221869.4
ENST00000543463.1,ENSG00000198064.8
ENST00000263121.7,ENSG00000099956.13
ENST00000297290.3,ENSG00000164713.5
ENST00000311189.7,ENSG00000174775.12
ENST00000498238.1,ENSG00000117616.13
ENST00000216962.4,ENSG00000100994.7
ENST00000257347.4,ENSG00000134905.11
ENST00000372014.3,ENSG00000180992.5
ENST00000446101.2,ENSG00000180771.9
ENST00000355415.2,ENSG00000161091.8
ENST00000475721.1,ENSG00000114867.14
ENST00000266744.3,ENSG00000139352.3
ENST00000299767.5,ENSG00000166598.8
ENST00000216181.5,ENSG00000100345.15
ENST00000275428.4,ENSG00000006625.12
ENST00000402802.3,ENSG00000197461.8
ENST00000497254.1,ENSG00000156502.9
ENST00000371470.3,ENSG00000162385.6
ENST00000441629.2,ENSG00000080824.13
ENST00000554401.1,ENSG00000080824.13
ENST00000508482.1,ENSG00000108848.10
ENST00000544170.1,ENSG00000108848.10
ENST00000427170.2,ENSG00000223802.2
ENST00000247005.5,ENSG00000130283.6
ENST00000371410.3,ENSG00000101882.5
ENST00000379253.3,ENSG00000130066.12
ENST00000392132.2,ENSG00000079246.11
ENST00000591633.1,ENSG00000153902.9
ENST00000338094.6,ENSG00000214265.6
ENST00000588715.1,ENSG00000266964.1
ENST00000272233.4,ENSG00000143878.8
ENST00000340799.5,ENSG00000186868.11
ENST00000491491.1,ENSG00000005810.12
ENST00000370171.1,ENSG00000147382.14
ENST00000501597.3,ENSG00000229117.4
ENST00000332374.4,ENSG00000205358.3
ENST00000374050.3,ENSG00000136888.6
ENST00000588991.1,ENSG00000105220.9
ENST00000481121.1,ENSG00000204356.6
ENST00000373820.1,ENSG00000151150.14
ENST00000540862.1,ENSG00000130734.5
ENST00000291386.3,ENSG00000160075.9
ENST00000347364.2,ENSG00000125863.12
ENST00000254878.3,ENSG00000132541.5
ENST00000585788.1,ENSG00000161091.8
ENST00000499732.1,ENSG00000245532.2
ENST00000325954.4,ENSG00000022840.9
ENST00000250405.5,ENSG00000129473.5
ENST00000552963.1,ENSG00000161835.6
ENST00000258739.4,ENSG00000136240.5
ENST00000420826.2,ENSG00000188612.7
ENST00000290158.4,ENSG00000108424.5
ENST00000025008.5,ENSG00000023287.8
ENST00000296412.8,ENSG00000197894.6
ENST00000372684.3,ENSG00000117016.5
ENST00000329286.6,ENSG00000206418.3
ENST00000316803.3,ENSG00000157782.5
ENST00000407969.1,ENSG00000168137.11
ENST00000361574.5,ENSG00000198858.5
ENST00000434618.2,ENSG00000231925.7
ENST00000397224.4,ENSG00000100350.10
ENST00000310325.5,ENSG00000174080.6
ENST00000373203.4,ENSG00000106991.8
ENST00000331444.6,ENSG00000183628.7
ENST00000418359.3,ENSG00000111596.7
ENST00000398344.4,ENSG00000099977.9
ENST00000361722.3,ENSG00000198933.5
ENST00000592052.1,ENSG00000182087.7
ENST00000383832.3,ENSG00000144550.8
ENST00000396603.2,ENSG00000122705.10
ENST00000509889.1,ENSG00000181789.10
ENST00000221265.2,ENSG00000006712.9
ENST00000458039.3,ENSG00000017797.7
ENST00000467611.1,ENSG00000130643.4
ENST00000360468.3,ENSG00000196547.9
ENST00000356221.3,ENSG00000130177.10
ENST00000372890.4,ENSG00000167112.7
ENST00000552334.1,ENSG00000257151.1
ENST00000395487.2,ENSG00000184613.6
ENST00000341369.7,ENSG00000187514.10
ENST00000552624.1,ENSG00000067715.9
ENST00000588052.1,ENSG00000095066.7
ENST00000334527.7,ENSG00000166579.11
ENST00000336034.3,ENSG00000160570.8
ENST00000447648.2,ENSG00000205356.5
ENST00000255320.6,ENSG00000132967.9
ENST00000591583.1,ENSG00000068120.10
ENST00000360830.4,ENSG00000138326.13
ENST00000491035.1,ENSG00000147403.12
ENST00000566198.1,ENSG00000065054.8
ENST00000379607.5,ENSG00000173674.6
ENST00000399213.2,ENSG00000241973.6
ENST00000368270.1,ENSG00000160781.10
ENST00000399568.1,ENSG00000242259.3
ENST00000380629.2,ENSG00000104765.10
ENST00000297661.4,ENSG00000165006.8
ENST00000249363.3,ENSG00000128594.3
ENST00000556647.1,ENSG00000100650.10
ENST00000371626.4,ENSG00000117862.6
ENST00000451728.2,ENSG00000169714.12
ENST00000409468.1,ENSG00000115541.6
ENST00000353411.5,ENSG00000113558.12
ENST00000359426.6,ENSG00000156515.15
ENST00000348547.2,ENSG00000125991.13
ENST00000581150.1,ENSG00000104904.6
ENST00000449723.2,ENSG00000183283.9
ENST00000587994.1,ENSG00000167315.12
ENST00000578820.1,ENSG00000141562.12
ENST00000300605.5,ENSG00000167220.6
ENST00000396319.2,ENSG00000106052.8
ENST00000326925.5,ENSG00000178057.9
ENST00000488775.1,ENSG00000241468.3
ENST00000376511.2,ENSG00000204569.5
ENST00000445776.1,ENSG00000159352.10
ENST00000370086.3,ENSG00000180879.8
ENST00000462259.1,ENSG00000059588.5
ENST00000512215.1,ENSG00000138814.12
ENST00000331821.3,ENSG00000099901.12
ENST00000368547.3,ENSG00000127884.4
ENST00000376530.3,ENSG00000167614.8
ENST00000378116.4,ENSG00000148468.12
ENST00000542296.1,ENSG00000223802.2
ENST00000309546.3,ENSG00000203896.5
ENST00000371437.4,ENSG00000125356.6
ENST00000299166.4,ENSG00000166136.10
ENST00000332797.6,ENSG00000024862.12
ENST00000389759.3,ENSG00000144283.16
ENST00000341333.5,ENSG00000164081.8
ENST00000359227.2,ENSG00000196361.4
ENST00000353555.4,ENSG00000172270.13
ENST00000244670.8,ENSG00000124702.12
ENST00000437457.2,ENSG00000131089.9
ENST00000263278.3,ENSG00000087076.3
ENST00000302517.3,ENSG00000171604.7
ENST00000572841.1,ENSG00000141258.7
ENST00000007390.2,ENSG00000007520.3
ENST00000369849.4,ENSG00000148798.5
ENST00000412716.2,ENSG00000183283.9
ENST00000497965.1,ENSG00000116251.5
ENST00000396386.2,ENSG00000122565.13
ENST00000302926.2,ENSG00000169992.5
ENST00000584164.1,ENSG00000161970.8
ENST00000322897.6,ENSG00000134265.7
ENST00000585331.1,ENSG00000267411.1
ENST00000371600.3,ENSG00000107281.5
ENST00000251453.2,ENSG00000105193.3
ENST00000312475.4,ENSG00000259494.1
ENST00000467029.1,ENSG00000173436.9
ENST00000376630.4,ENSG00000204592.5
ENST00000078429.4,ENSG00000088256.4
ENST00000543938.1,ENSG00000103723.8
ENST00000262126.3,ENSG00000101745.10
ENST00000551743.1,ENSG00000179364.9
ENST00000383811.3,ENSG00000163703.12
ENST00000312419.3,ENSG00000175482.4
ENST00000454376.2,ENSG00000126457.16
ENST00000556603.1,ENSG00000100605.11
ENST00000450428.1,ENSG00000090565.11
ENST00000558815.1,ENSG00000108107.7
ENST00000368125.4,ENSG00000162706.8
ENST00000442048.1,ENSG00000138363.10
ENST00000342972.1,ENSG00000187601.3
ENST00000514927.2,ENSG00000113360.12
ENST00000324306.6,ENSG00000106261.12
ENST00000373241.4,ENSG00000079332.8
ENST00000300291.5,ENSG00000167005.9
ENST00000316554.3,ENSG00000177875.3
ENST00000209875.4,ENSG00000094916.8
ENST00000432103.2,ENSG00000139970.12
ENST00000376151.4,ENSG00000213760.5
ENST00000210187.6,ENSG00000167964.7
ENST00000376007.4,ENSG00000204469.8
ENST00000287844.2,ENSG00000033050.3
ENST00000498082.1,ENSG00000157782.5
ENST00000396705.4,ENSG00000111669.9
ENST00000409751.1,ENSG00000138069.12
ENST00000334478.4,ENSG00000123349.8
ENST00000531163.1,ENSG00000180900.12
ENST00000331244.5,ENSG00000108010.7
ENST00000585409.1,ENSG00000130332.9
ENST00000415382.2,ENSG00000198563.8
ENST00000394869.3,ENSG00000108262.11
ENST00000412770.2,ENSG00000105063.14
ENST00000527548.1,ENSG00000149806.6
ENST00000400228.2,ENSG00000088387.13
ENST00000476660.1,ENSG00000125944.12
ENST00000322217.4,ENSG00000176182.4
ENST00000592478.1,ENSG00000079999.9
ENST00000477264.1,ENSG00000171603.11
ENST00000373084.4,ENSG00000167106.6
ENST00000424443.3,ENSG00000140391.10
ENST00000372780.1,ENSG00000184905.4
ENST00000256194.4,ENSG00000133816.9
ENST00000381280.4,ENSG00000198732.6
ENST00000482655.1,ENSG00000122034.8
ENST00000395044.3,ENSG00000213585.6
ENST00000568916.1,ENSG00000103254.5
ENST00000340611.4,ENSG00000106009.11
ENST00000395233.2,ENSG00000152556.11
ENST00000533177.1,ENSG00000108312.10
ENST00000403084.1,ENSG00000184113.8
ENST00000590753.1,ENSG00000108861.4
ENST00000055335.6,ENSG00000049769.8
ENST00000225308.8,ENSG00000013306.11
ENST00000278756.7,ENSG00000084234.11
ENST00000438192.1,ENSG00000101445.4
ENST00000350887.5,ENSG00000184209.13
ENST00000508493.1,ENSG00000145592.9
ENST00000262776.3,ENSG00000108679.7
ENST00000530649.1,ENSG00000149591.12
ENST00000361624.2,ENSG00000198804.2
ENST00000497385.1,ENSG00000134247.9
ENST00000327274.7,ENSG00000220749.3
ENST00000361479.4,ENSG00000196199.8
ENST00000371756.3,ENSG00000130560.4
ENST00000277010.4,ENSG00000147955.11
ENST00000530705.1,ENSG00000133112.12
ENST00000394920.2,ENSG00000161016.10
ENST00000262325.7,ENSG00000006125.12
ENST00000303400.4,ENSG00000090316.11
ENST00000424310.2,ENSG00000145860.5
ENST00000311181.4,ENSG00000174684.6
ENST00000391865.3,ENSG00000143774.11
ENST00000425118.1,ENSG00000115307.12
ENST00000354567.2,ENSG00000154027.14
ENST00000356978.4,ENSG00000198668.6
ENST00000339624.5,ENSG00000140264.14
ENST00000345093.4,ENSG00000181852.12
ENST00000281031.4,ENSG00000151366.8
ENST00000592741.1,ENSG00000130175.5
ENST00000403251.1,ENSG00000241360.1
ENST00000466227.2,ENSG00000108953.12
ENST00000360274.4,ENSG00000188191.9
ENST00000435114.1,ENSG00000115204.9
ENST00000376901.4,ENSG00000174851.9
ENST00000260102.4,ENSG00000137547.4
ENST00000544511.1,ENSG00000120645.7
ENST00000327471.3,ENSG00000184887.9
ENST00000318063.5,ENSG00000155970.7
ENST00000356496.5,ENSG00000197043.8
ENST00000356493.5,ENSG00000165283.10
ENST00000577191.1,ENSG00000072778.14
ENST00000252593.6,ENSG00000130303.8
ENST00000553110.1,ENSG00000241343.3
ENST00000336949.6,ENSG00000165175.11
ENST00000552819.1,ENSG00000197111.9
ENST00000450195.1,ENSG00000006015.12
ENST00000218348.3,ENSG00000102226.4
ENST00000492092.1,ENSG00000073169.9
ENST00000592719.1,ENSG00000090971.4
ENST00000320634.3,ENSG00000135472.3
ENST00000343788.6,ENSG00000165416.9
ENST00000589561.1,ENSG00000129353.10
ENST00000543783.1,ENSG00000256142.1
ENST00000405636.2,ENSG00000130204.8
ENST00000396684.2,ENSG00000111676.9
ENST00000396807.4,ENSG00000111653.15
ENST00000235180.4,ENSG00000116544.7
ENST00000428423.1,ENSG00000174353.12
ENST00000252445.3,ENSG00000130165.6
ENST00000367210.1,ENSG00000058673.11
ENST00000396777.3,ENSG00000132254.7
ENST00000356264.2,ENSG00000078053.12
ENST00000495836.1,ENSG00000115977.13
ENST00000301488.3,ENSG00000167797.3
ENST00000483421.3,ENSG00000075292.12
ENST00000558259.1,ENSG00000034053.10
ENST00000566525.1,ENSG00000103254.5
ENST00000393959.1,ENSG00000145864.8
ENST00000360515.3,ENSG00000158985.9
ENST00000225394.3,ENSG00000108262.11
ENST00000547643.1,ENSG00000182809.6
ENST00000378821.3,ENSG00000205116.3
ENST00000555619.1,ENSG00000119655.4
ENST00000587797.1,ENSG00000033627.10
ENST00000356508.5,ENSG00000105223.13
ENST00000417640.2,ENSG00000123119.7
ENST00000561775.1,ENSG00000174444.10
ENST00000531978.1,ENSG00000166441.8
ENST00000582787.1,ENSG00000264920.1
ENST00000296597.5,ENSG00000164182.6
ENST00000309318.3,ENSG00000173457.6
ENST00000520687.1,ENSG00000113140.6
ENST00000559471.1,ENSG00000138593.4
ENST00000361716.3,ENSG00000139190.12
ENST00000488748.1,ENSG00000101181.12
ENST00000418388.1,ENSG00000238227.3
ENST00000339012.3,ENSG00000163001.7
ENST00000368575.3,ENSG00000143545.4
ENST00000478065.1,ENSG00000131584.13
ENST00000291900.2,ENSG00000160445.6
ENST00000468582.1,ENSG00000188186.6
ENST00000588301.1,ENSG00000125743.6
ENST00000357193.3,ENSG00000074319.7
ENST00000306897.4,ENSG00000169750.4
ENST00000527696.1,ENSG00000177963.7
ENST00000375238.4,ENSG00000125967.11
ENST00000495878.1,ENSG00000186635.10
ENST00000309083.6,ENSG00000159335.10
ENST00000223271.3,ENSG00000106538.5
ENST00000558506.1,ENSG00000100664.6
ENST00000484855.1,ENSG00000064601.11
ENST00000422258.2,ENSG00000110696.4
ENST00000400137.4,ENSG00000088832.10
ENST00000506879.1,ENSG00000146067.11
ENST00000261205.4,ENSG00000067715.9
ENST00000441714.1,ENSG00000185825.10
ENST00000398733.3,ENSG00000131508.11
ENST00000314616.6,ENSG00000109111.10
ENST00000483063.1,ENSG00000115350.7
ENST00000258198.2,ENSG00000135720.8
ENST00000531026.1,ENSG00000048649.9
ENST00000547914.1,ENSG00000196531.6
ENST00000260956.4,ENSG00000138385.10
ENST00000302625.4,ENSG00000171450.4
ENST00000479303.1,ENSG00000197448.9
ENST00000460110.1,ENSG00000015676.12
ENST00000322680.3,ENSG00000148660.14
ENST00000372695.5,ENSG00000102409.9
ENST00000253039.4,ENSG00000130741.5
ENST00000251413.3,ENSG00000131462.3
ENST00000368921.3,ENSG00000213190.2
ENST00000536441.1,ENSG00000149212.6
ENST00000299299.3,ENSG00000166228.4
ENST00000409733.1,ENSG00000071082.5
ENST00000454885.2,ENSG00000182196.8
ENST00000412505.2,ENSG00000182196.8
ENST00000473917.1,ENSG00000092096.10
ENST00000477964.1,ENSG00000218227.3
ENST00000327473.3,ENSG00000185361.3
ENST00000586392.1,ENSG00000105220.9
ENST00000514518.1,ENSG00000164615.3
ENST00000455785.2,ENSG00000117632.16
ENST00000264451.6,ENSG00000080824.13
